locus-pool	Category	chr_malaria	ampInsert_start	ampInsert_end	heterozygosity	Present in pool 3	Present in pool 4	amplicon_id	amplicon_start	amplicon_end	fwd_primer	rev_primer
Pf3D7_01_v3-145388-145662-1A	Diversity	Pf3D7_01_v3	145421	145630	0.679627	TRUE	FALSE	PGD268_v4_1A_PGD268_v3_Pf3D7_01_v3-145387-145591-for_2_1	145388	145662	CCTGAGTTTTAAGTGAATGAATATATTTTTGTT	AAAATGTCCAATATGTCAAGGTATATTAAAGT
Pf3D7_01_v3-162867-163115-1A	Diversity	Pf3D7_01_v3	162889	163092	0.674106	TRUE	FALSE	PGD268_v4_1A_PGD268_v3_Pf3D7_01_v3-162872-163222-for_1_1	162867	163115	TACTACCGATCATCAAGCCGAA	TGTGTGCTTTGTCGTTGATTCAT
Pf3D7_01_v3-181512-181761-1A	Diversity	Pf3D7_01_v3	181545	181729	0.724015	TRUE	TRUE	PGD268_v4_1A_PGD268_v3_Pf3D7_01_v3-181529-181701-for_1_1	181512	181761	CTTTTCATATTTGTCTATTAGCTTTTTCAAACC	TAGTTTAAATCTATACTTGTCTCACCTGAACA
Pf3D7_01_v3-455794-456054-1A	Diversity	Pf3D7_01_v3	455827	456021	0.579649	FALSE	FALSE	PGD268_v4_1A_PGD268_v3_Pf3D7_01_v3-455824-455907-for_1_1	455794	456054	ACAATGTAGAACAATATATAAAACTGGAAAAGA	GTGTTTCATTATTTTAGACACATTCAGGAATTT
Pf3D7_01_v3-528859-529104-1A	Diversity	Pf3D7_01_v3	528890	529073	0.843072	TRUE	TRUE	PGD268_v4_1A_PGD268_v3_Pf3D7_01_v3-528876-529095-for_1_1	528859	529104	CTTAGTTTAGATTTGCCTACAATATTTGCAC	AATCATTTTATCCCACTTATTTATCTCGTCT
Pf3D7_01_v3-535965-536239-1A	Diversity	Pf3D7_01_v3	535995	536206	0.844966	FALSE	FALSE	PGD268_v4_1A_PGD268_v3_Pf3D7_01_v3-535853-536143-for_2_1	535965	536239	TGGTTTAATGTGTTAGTAGAAGAAAAAGCA	CTTTGACAATCATCCAACATGTAAGTATATAAA
Pf3D7_02_v3-290580-290821-1A	Diversity	Pf3D7_02_v3	290611	290789	0.744022	TRUE	TRUE	PGD268_v4_1A_PGD268_v3_Pf3D7_02_v3-290523-290809-for_1_1	290580	290821	AAGCATCATTTTCCTTATCATTATAATGAGG	ACTTTTAAATATGGCACATAATCCAATAGATG
Pf3D7_02_v3-291770-292017-1A	Diversity	Pf3D7_02_v3	291802	291984	0.76539	TRUE	TRUE	PGD268_v4_1A_PGD268_v3_Pf3D7_02_v3-291800-291924-for_1_1	291770	292017	TGCTAGAGGCATATAAAGAACTTTTTAAAGTC	AGTAGAAATCGTCGAAGAACATATACATAAAAT
Pf3D7_02_v3-470437-470709-1A	Diversity	Pf3D7_02_v3	470470	470676	0.667673	TRUE	FALSE	PGD268_v4_1A_PGD268_v3_Pf3D7_02_v3-470464-470704-for_1_1	470437	470709	ATTTTCAAAGGTTCAAAAATATATGAACATGAA	GTATGTATTATACCCTCCATTTGATTATTCTCT
Pf3D7_02_v3-503040-503288-1A	Diversity	Pf3D7_02_v3	503072	503260	0.511005	TRUE	FALSE	PGD268_v4_1A_PGD268_v3_Pf3D7_02_v3-503138-503346-for_1_1	503040	503288	AGTACACATATCGTTATGATCCTTAATTAAAC	CATCACGATATTGATGTGTACTATGGTC
Pf3D7_02_v3-628941-629172-1A	Diversity	Pf3D7_02_v3	628974	629143	0.605641	TRUE	FALSE	PGD268_v4_1A_PGD268_v3_Pf3D7_02_v3-629029-629091-for_1_1	628941	629172	GTGATTTTCTCTTTTGTGATAATCTTGAAAAAT	AATTATCTTACACCAACAATGAAGGTGAA
Pf3D7_02_v3-630641-630907-1A	Diversity	Pf3D7_02_v3	630674	630874	0.636755	TRUE	FALSE	PGD268_v4_1A_PGD268_v3_Pf3D7_02_v3-630679-630899-for_1_1	630641	630907	ACATAACGAAGAATATCTATTCGTATAGGTTTC	AGGTATATATGGTAGCAATTCTATAAATTGGTT
Pf3D7_03_v3-85507-85756-1A	Diversity	Pf3D7_03_v3	85540	85723	0.670425	TRUE	FALSE	PGD268_v4_1A_PGD268_v3_Pf3D7_03_v3-85412-85674-for_2_1	85507	85756	TCCTTTAATTTTTCTTTCATCAAATTTAACCAT	TGGAAGATGAATATTATGATGTAAATGATGAAA
Pf3D7_03_v3-515418-515657-1A	Diversity	Pf3D7_03_v3	515441	515629	0.565672	TRUE	FALSE	PGD268_v4_1A_PGD268_v3_Pf3D7_03_v3-515415-515476-for_1_1	515418	515657	GATCTATTCCAGGAGCATCAAGG	GCATATGTTCCCAACCTTCATTAACTTC
Pf3D7_03_v3-653961-654206-1A	Diversity	Pf3D7_03_v3	653994	654177	0.547789	FALSE	FALSE	PGD268_v4_1A_PGD268_v3_Pf3D7_03_v3-653974-654203-for_1_1	653961	654206	GTAACAAAAATTTCACCTAACGGTATATTTTTA	CTTTATGTATTTTTCAAAAATCGGCACGT
Pf3D7_03_v3-855426-855697-1A	Diversity	Pf3D7_03_v3	855456	855664	0.63048	TRUE	FALSE	PGD268_v4_1A_PGD268_v3_Pf3D7_03_v3-855457-855547-for_1_1	855426	855697	ATGAGGTATCAAAACACAATAATACGATTC	CGTTTTCAATTAATTGTATTGAGAATTGTACAA
Pf3D7_03_v3-891553-891827-1A	Diversity	Pf3D7_03_v3	891586	891794	0.864883	TRUE	TRUE	PGD268_v4_1A_PGD268_v3_Pf3D7_03_v3-891581-891732-for_1_1	891553	891827	GTCTTGTTTGTTTGTTATGATATGTTCTTTATT	ACATATCCATAGCAGAGTCTTCTTATTTCTTAT
Pf3D7_04_v3-109939-110184-1A	Diversity	Pf3D7_04_v3	109962	110151	0.750995	TRUE	TRUE	PGD268_v4_1A_PGD268_v3_Pf3D7_04_v3-109981-110100-for_1_1	109939	110184	CTTTAGGTACACCTGCAAGTACC	GTGTTATGTTAAGCAATAAAAATTTTCATAGCA
Pf3D7_04_v3-115455-115684-1A	Diversity	Pf3D7_04_v3	115484	115652	0.842943	TRUE	TRUE	PGD268_v4_1A_PGD268_v3_Pf3D7_04_v3-115514-115665-for_1_1	115455	115684	TTTTAGTTTCGGTATTTTGTGTTCCTCTT	AAGAAATTTATCAGAGTTACAAAAGGGAAATC
Pf3D7_04_v3-133581-133830-1A	Diversity	Pf3D7_04_v3	133613	133801	0.571054	TRUE	FALSE	PGD268_v4_1A_PGD268_v3_Pf3D7_04_v3-133463-133729-for_2_1	133581	133830	ATTTAATCTTTTACCAGCAGTAGAAACTACAT	AGAAGAGCACAAAAGAGATGAATATCAAG
Pf3D7_04_v3-133928-134154-1A	Diversity	Pf3D7_04_v3	133961	134121	0.54919	TRUE	FALSE	PGD268_v4_1A_PGD268_v3_Pf3D7_04_v3-133951-134196-for_1_1	133928	134154	ATTTGAACTTTGACTTTTCCAAATATTGTTTTA	AGAACATAATTATGATAAAAAGTATAGGGACGT
Pf3D7_04_v3-140317-140548-1A	Diversity	Pf3D7_04_v3	140350	140516	0.507649	TRUE	FALSE	PGD268_v4_1A_PGD268_v3_Pf3D7_04_v3-140479-140755-for_1_1	140317	140548	TGATAATATATATGCTAAGGAAAAGGAAATTCG	ATTATTATTATTTTCATCTTGTGTGTCTCCAT
Pf3D7_04_v3-141741-141990-1A	Diversity	Pf3D7_04_v3	141762	141957	0.631241	FALSE	FALSE	PGD268_v4_1A_PGD268_v3_Pf3D7_04_v3-141750-141973-for_1_1	141741	141990	ACCATGCTGATGATACACGTG	TCTAATTCTTTATAAAGATCAAGCATTTGTCTG
Pf3D7_04_v3-284121-284364-1A	Diversity	Pf3D7_04_v3	284154	284333	0.586855	TRUE	FALSE	PGD268_v4_1A_PGD268_v3_Pf3D7_04_v3-284198-284349-for_1_1	284121	284364	TTTGTATATCGTTTGATTTGTTTGTAAGATGTC	AAAAATTCAACGAAAATAAAAGGTTGTTCTT
Pf3D7_04_v3-316593-316858-1A	Diversity	Pf3D7_04_v3	316624	316825	0.445503	TRUE	FALSE	PGD268_v4_1A_Pf3D7_04_v3-316635-316640_1	316593	316858	AGAATGTATATTTTGATGCCGAGTTGATAAT	CAATGAAATATGTGTTAGACCTACAAATTCTTC
Pf3D7_04_v3-544454-544718-1A	Diversity	Pf3D7_04_v3	544487	544685	0.801016	TRUE	TRUE	PGD268_v4_1A_PGD268_v3_Pf3D7_04_v3-544503-544703-for_1_1	544454	544718	TGAAAGAGAAATATAATATACAACAGGAGGAAA	GTGTCTGTATTTAATAAATGATTATCTGGGTTA
Pf3D7_04_v3-648065-648332-1A	Diversity	Pf3D7_04_v3	648097	648299	0.59098	TRUE	FALSE	PGD268_v4_1A_PGD268_v3_Pf3D7_04_v3-648076-648279-for_1_1	648065	648332	AAGATTGATTAAATTTCACATTATACCTTCCA	TTTCCCTTGATACAATTTAATAAAAAGGGAATA
Pf3D7_04_v3-900526-900759-1A	Diversity	Pf3D7_04_v3	900559	900729	0.536406	TRUE	FALSE	PGD268_v4_1A_PGD268_v3_Pf3D7_04_v3-900565-900810-for_1_1	900526	900759	AATTCATGGTAAATATTATCTCCATTTTGATCA	TGAAAATAAGGTAGGTGAAGAAAGAGAACT
Pf3D7_04_v3-1005938-1006187-1A	Diversity	Pf3D7_04_v3	1005971	1006155	0.750812	TRUE	TRUE	PGD268_v4_1A_PGD268_v3_Pf3D7_04_v3-1006001-1006265-for_1_1	1005938	1006187	ATCATCATGAATATGTTTTCCTGATACATAAAT	AATTCTTATGGAACAAAATTCGAATCAGGATA
Pf3D7_04_v3-1037644-1037891-1A	Diversity	Pf3D7_04_v3	1037677	1037859	0.503477	TRUE	FALSE	PGD268_v4_1A_PGD268_v3_Pf3D7_04_v3-1037508-1037732-for_2_1	1037644	1037891	AGTTAATGAAATAGCTCAACTTAATTTAACCAT	TGACATAAATTACTACGTCATAGGTATTTGGT
Pf3D7_04_v3-1113397-1113639-1A	Diversity	Pf3D7_04_v3	1113422	1113612	0.666039	TRUE	FALSE	PGD268_v4_1A_PGD268_v3_Pf3D7_04_v3-1113422-1113632-for_1_1	1113397	1113639	ACAGCATTAGATACGGTTTTCCATC	CACTAAACGTAGCATGCTCAGATATTA
Pf3D7_05_v3-213027-213251-1A	Diversity	Pf3D7_05_v3	213060	213219	0.837785	TRUE	TRUE	PGD268_v4_1A_PGD268_v3_Pf3D7_05_v3-213006-213257-for_1_1	213027	213251	TTTATCCTTATCATTATTTCCATCATTTTCTGG	AAAAATAAAAGGAACAATGTAATGGTTGAAAA
Pf3D7_05_v3-350808-351052-1A	Diversity	Pf3D7_05_v3	350841	351019	0.783223	TRUE	TRUE	PGD268_v4_1A_PGD268_v3_Pf3D7_05_v3-350846-351035-for_1_1	350808	351052	AAAGCATCATTTTGCTCATAATTATATGTATGA	GAACAGTTCATATATATAATTCAACAACAGCCA
Pf3D7_05_v3-369676-369949-1A	Diversity	Pf3D7_05_v3	369706	369916	0.571254	TRUE	FALSE	PGD268_v4_1A_PGD268_v3_Pf3D7_05_v3-369655-369969-for_1_1	369676	369949	CGAGAATTATGCCTCCTATAATCATAGTGA	TGACCACATGTCTATATTACTATGATGATTATT
Pf3D7_05_v3-395887-396136-1A	Diversity	Pf3D7_05_v3	395920	396103	0.839444	TRUE	TRUE	PGD268_v4_1A_PGD268_v3_Pf3D7_05_v3-395894-396100-for_1_1	395887	396136	ATTTGATACAGGATGTGAAATTTTTGCATTATC	ATTGAACTCTTTGATATCTCAGAAAAATTCTTT
Pf3D7_05_v3-550803-551072-1A	Diversity	Pf3D7_05_v3	550835	551043	0.754304	TRUE	TRUE	PGD268_v4_1A_PGD268_v3_Pf3D7_05_v3-550810-551006-for_1_1	550803	551072	ATTCAAATGTATATTGTTCTCCTCATAAGAAC	CAAGTTCAAAATATCCGAAGAGAAACAGA
Pf3D7_05_v3-641131-641404-1A	Diversity	Pf3D7_05_v3	641163	641373	0.620779	TRUE	FALSE	PGD268_v4_1A_PGD268_v3_Pf3D7_05_v3-641174-641389-for_1_1	641131	641404	AACGTGCTACATATTTATAAATTCACTAAAGA	CGTGTATGTAGGAAATAAATTGTGTTCACAA
Pf3D7_05_v3-668763-669004-1A	Diversity	Pf3D7_05_v3	668788	668979	0.861492	TRUE	TRUE	PGD268_v4_1A_PGD268_v3_Pf3D7_05_v3-668597-668891-for_2_1	668763	669004	TAACATGACCATCCCTTGTGATACT	CCAACGTTTCTTCGATCAAATGATT
Pf3D7_05_v3-796518-796759-1A	Diversity	Pf3D7_05_v3	796551	796728	0.721775	TRUE	TRUE	PGD268_v4_1A_PGD268_v3_Pf3D7_05_v3-796653-796860-for_1_1	796518	796759	CGTTAAGTAGTACCTTTGGTTATTTTATGTTAG	AAAACTACCATTTAATCCTGATAGAATAGCA
Pf3D7_05_v3-1188456-1188706-1A	Diversity	Pf3D7_05_v3	1188489	1188673	0.829309	FALSE	FALSE	PGD268_v4_1A_PGD268_v3_Pf3D7_05_v3-1188511-1188689-for_1_1	1188456	1188706	TCTTTAAATAAAACTAACACATCTAATGCACCA	AATATAGGTTTAAATATAGATGCAGAGATTGGT
Pf3D7_05_v3-1322099-1322341-1A	Diversity	Pf3D7_05_v3	1322132	1322313	0.803522	TRUE	TRUE	PGD268_v4_1A_PGD268_v3_Pf3D7_05_v3-1322105-1322324-for_1_1	1322099	1322341	TTTTCTATTGAATCCATGAAATAGGAATATGAA	ATCAGCAACGATAGTACAAATTGAATGA
Pf3D7_06_v3-145285-145531-1A	Diversity	Pf3D7_06_v3	145318	145502	0.572648	TRUE	FALSE	PGD268_v4_1A_PGD268_v3_Pf3D7_06_v3-145315-145529-for_1_1	145285	145531	GCTATCTTTTATAAATGTACCACTATTAAACCA	CAAGGAAGGTAGAATATCAAATACAAGGG
Pf3D7_06_v3-176108-176338-1A	Diversity	Pf3D7_06_v3	176139	176305	0.716071	TRUE	FALSE	PGD268_v4_1A_PGD268_v3_Pf3D7_06_v3-176120-176196-for_1_1	176108	176338	ACTTCTCCTTTAATTGAAAATGTTTTCACAC	TGCTCAAAGTATGATAAAAGGTATATTTAATCC
Pf3D7_06_v3-416462-416720-1A	Diversity	Pf3D7_06_v3	416487	416688	0.454436	TRUE	FALSE	PGD268_v4_1A_PGD268_v3_Pf3D7_06_v3-416461-416522-for_1_1	416462	416720	CGCATCGAAACTTAATTTGAGTACG	AATTTCGTTATAAAAACTCTTTTGCTCTGAAA
Pf3D7_06_v3-532166-532407-1A	Diversity	Pf3D7_06_v3	532195	532380	0.821875	TRUE	TRUE	PGD268_v4_1A_PGD268_v3_Pf3D7_06_v3-532175-532334-for_1_1	532166	532407	TGATCAAGCTGAATCTATCCTATTGGATC	TGGTATATTGTTTATTGGGATCCCCTT
Pf3D7_06_v3-851492-851765-1A	Diversity	Pf3D7_06_v3	851516	851740	0.746297	TRUE	TRUE	PGD268_v4_1A_PGD268_v3_Pf3D7_06_v3-851499-851766-for_1_1	851492	851765	ACACTGACATTTTACTGCACCTTC	GAAAGGAAGATATTATGCCACTGCA
Pf3D7_06_v3-1115900-1116168-1A	Diversity	Pf3D7_06_v3	1115932	1116136	0.570237	TRUE	FALSE	PGD268_v4_1A_PGD268_v3_Pf3D7_06_v3-1116015-1116147-for_1_1	1115900	1116168	ATCTACATATTCTATAGGACAGTAAGATCTCA	ACTCAAAAGAATTAATAAACACTGACATGGTA
Pf3D7_06_v3-1128558-1128797-1A	Diversity	Pf3D7_06_v3	1128591	1128771	0.552832	TRUE	FALSE	PGD268_v4_1A_PGD268_v3_Pf3D7_06_v3-1128572-1128778-for_1_1	1128558	1128797	GTTTTCTTTTTCATGTGTAACAGGATTATAAGT	AAAAATTCACCTAACTTGTCATCAGC
Pf3D7_06_v3-1135605-1135855-1A	Diversity	Pf3D7_06_v3	1135638	1135827	0.503364	TRUE	FALSE	PGD268_v4_1A_PGD268_v3_Pf3D7_06_v3-1135779-1135840-for_1_1	1135605	1135855	ATCAGTTTTTAGATTTCCATTAGTTCCATTTAC	GCATTCAGAATTCCTCCAATAATAGAGT
Pf3D7_06_v3-1136091-1136364-1A	Diversity	Pf3D7_06_v3	1136122	1136332	0.522601	TRUE	FALSE	PGD268_v4_1A_PGD268_v3_Pf3D7_06_v3-1136264-1136325-for_1_1	1136091	1136364	ACTTACATTGTCGTTGCCTTTATTTTTATTA	TAATGATTTGGAATATACTACTTGTGCCAATC
Pf3D7_06_v3-1140900-1141174-1A	Diversity	Pf3D7_06_v3	1140925	1141141	0.494801	TRUE	FALSE	PGD268_v4_1A_PGD268_v3_Pf3D7_06_v3-1141083-1141144-for_1_1	1140900	1141174	TCCTCTCAATACTCTCAAAACACGA	AGATAGGTGAACATAATAATATGCAAATACATT
Pf3D7_06_v3-1192628-1192867-1A	Diversity	Pf3D7_06_v3	1192660	1192836	0.505507	TRUE	FALSE	PGD268_v4_1A_PGD268_v3_Pf3D7_06_v3-1192659-1192720-for_1_1	1192628	1192867	AAAAGTATAAATAGAATGATCGAATGTGTTCA	AATGATATCGTTTTTACCACTGAAATACCAA
Pf3D7_06_v3-1197245-1197515-1A	Diversity	Pf3D7_06_v3	1197278	1197483	0.463915	TRUE	FALSE	PGD268_v4_1A_PGD268_v3_Pf3D7_06_v3-1197267-1197421-for_1_1	1197245	1197515	ATTAATAATGGTCCTTCTATTACCATTAAAGGT	TTGAAGTATATTTTAGGAAGTGTCCATTCAAC
Pf3D7_06_v3-1235395-1235658-1A	Diversity	Pf3D7_06_v3	1235428	1235625	0.504715	TRUE	FALSE	PGD268_v4_1A_PGD268_v3_Pf3D7_06_v3-1235476-1235763-for_1_1	1235395	1235658	ATTTGATTCTGAAGGAAGCATAAAATATAAAGA	ACACCCTTTTCATATTCATTCAAAATACTTCTT
Pf3D7_06_v3-1282656-1282930-1A	Diversity	Pf3D7_06_v3	1282688	1282898	0.692355	TRUE	FALSE	PGD268_v4_1A_PGD268_v3_Pf3D7_06_v3-1282649-1282867-for_1_1	1282656	1282930	ACAAGTGAGGAGTTATTTTTAGAGAAATTAAA	TCGTATAAGTAGAAATATTTTTCTTTCGGTGG
Pf3D7_07_v3-105172-105442-1A	Diversity	Pf3D7_07_v3	105201	105414	0.790708	TRUE	TRUE	PGD268_v4_1A_PGD268_v3_Pf3D7_07_v3-105100-105334-for_1_1	105172	105442	CATGAGTACTGTGTTCTTTCTTATGTTCT	GCCCATGGATTATTTGAAGAAATTGAAA
Pf3D7_07_v3-432832-433091-1A	Diversity	Pf3D7_07_v3	432856	433064	0.761413	TRUE	TRUE	PGD268_v4_1A_PGD268_v3_Pf3D7_07_v3-432896-433084-for_1_1	432832	433091	AGGACATATGAGTTGCCCTTTAGA	TACAATTGTCAGGACACGAAAATCATT
Pf3D7_07_v3-475313-475545-1A	Diversity	Pf3D7_07_v3	475344	475512	0.521928	TRUE	FALSE	PGD268_v4_1A_PGD268_v3_Pf3D7_07_v3-475293-475499-for_1_1	475313	475545	ACTTATGATTTGTCCAAATATGAAAAACAAC	AATTTATGTATAAGTTTGCTGGTTTTGTTTATT
Pf3D7_07_v3-627351-627625-1A	Diversity	Pf3D7_07_v3	627382	627592	0.787494	TRUE	TRUE	PGD268_v4_1A_PGD268_v3_Pf3D7_07_v3-627374-627508-for_1_1	627351	627625	AGAAAGATTGTCCATTTACATAATTTGCAGA	TTCTATTTTAGAAGGAAATGAAGGAGATATGAA
Pf3D7_07_v3-717260-717493-1A	Diversity	Pf3D7_07_v3	717293	717461	0.717484	TRUE	FALSE	PGD268_v4_1A_PGD268_v3_Pf3D7_07_v3-717280-717493-for_1_1	717260	717493	ATTTTATCCATTAATTTTATGATGAAGGTGTGG	ATCCCTCTCTATCTCATCTTCATTCTTATTAT
Pf3D7_07_v3-729480-729750-1A	Diversity	Pf3D7_07_v3	729508	729725	0.72432	TRUE	TRUE	PGD268_v4_1A_PGD268_v3_Pf3D7_07_v3-729500-729591-for_1_1	729480	729750	GTAAATCAAGCCATTGATTTAACTCTCC	AAAGAGAGGCGTTTTCTAACGAAAA
Pf3D7_07_v3-1028330-1028603-1A	Diversity	Pf3D7_07_v3	1028362	1028570	0.660254	TRUE	FALSE	PGD268_v4_1A_PGD268_v3_Pf3D7_07_v3-1028442-1028646-for_2_1	1028330	1028603	ACTAAAAATAACTCTTGATCTTTATCTTCGTT	TGTTGAATAATATGAATGAAAATAATCATTCGC
Pf3D7_07_v3-1043981-1044225-1A	Diversity	Pf3D7_07_v3	1044012	1044195	0.498916	TRUE	FALSE	PGD268_v4_1A_PGD268_v3_Pf3D7_07_v3-1043987-1044185-for_2_1	1043981	1044225	ATGTTAGGAACACGCTTATCATTTATCTTTT	ACAGATATGAGCTCCTTCTCTTTAATAACC
Pf3D7_07_v3-1066661-1066903-1A	Diversity	Pf3D7_07_v3	1066694	1066879	0.513652	TRUE	FALSE	PGD268_v4_1A_PGD268_v3_Pf3D7_07_v3-1066617-1066821-for_1_1	1066661	1066903	AAAGATAAAAATGGATATTATACAATGGCTTCA	CCCATATGCGCACAGTTTATAACA
Pf3D7_07_v3-1149367-1149613-1A	Diversity	Pf3D7_07_v3	1149399	1149585	0.621446	TRUE	FALSE	PGD268_v4_1A_PGD268_v3_Pf3D7_07_v3-1149387-1149613-for_1_1	1149367	1149613	GAAATCTAGAGATGAATAATCTGGACATGTAG	TGTATACTCTCACATATTCCCTTCAGTG
Pf3D7_08_v3-102277-102527-1A	Diversity	Pf3D7_08_v3	102309	102500	0.753756	TRUE	TRUE	PGD268_v4_1A_PGD268_v3_Pf3D7_08_v3-102298-102528-for_1_1	102277	102527	CATTAACATATAAAGTATCAGAACTTGTCGCT	TGTTGAAGAGTCAAGTTTTGTTCAGAA
Pf3D7_08_v3-336421-336651-1A	Diversity	Pf3D7_08_v3	336454	336618	0.772773	TRUE	TRUE	PGD268_v4_1A_PGD268_v3_Pf3D7_08_v3-336448-336632-for_1_1	336421	336651	AATATTTCCCACAATATGAATACATGAATATGA	ACATATAATAATCTTGAACCCTCTTTCTCAAGT
Pf3D7_08_v3-399693-399961-1A	Diversity	Pf3D7_08_v3	399719	399934	0.624775	TRUE	FALSE	PGD268_v4_1A_PGD268_v3_Pf3D7_08_v3-399701-399956-for_1_1	399693	399961	TTGTATTAATGAAGATGCCGATTGCT	AAAAAGATGACAATTTTGCTCTTGTGA
Pf3D7_08_v3-412801-413062-1A	Diversity	Pf3D7_08_v3	412834	413029	0.650815	TRUE	FALSE	PGD268_v4_1A_PGD268_v3_Pf3D7_08_v3-412991-413240-for_1_1	412801	413062	GATGATAGTTATTTTCTTGACATCATGTCAAAT	TTTCACAATTTTCTTTCATTTCTCTTTTTAGAT
Pf3D7_08_v3-476232-476475-1A	Diversity	Pf3D7_08_v3	476265	476442	0.526331	TRUE	FALSE	PGD268_v4_1A_PGD268_v3_Pf3D7_08_v3-476102-476398-for_2_1	476232	476475	AGATAATTGTGTACACACAAATATAAATGTACC	ATTTTCTTTACTTGAGTGATTAGTATTTCGAGA
Pf3D7_08_v3-585331-585590-1A	Diversity	Pf3D7_08_v3	585364	585562	0.57557	TRUE	FALSE	PGD268_v4_1A_PGD268_v3_Pf3D7_08_v3-585351-585613-for_1_1	585331	585590	TCATAAGGGAACCTAAATTATTAGTATAATCGT	CCTTCATAGTATAACTGTTACTGGTCCT
Pf3D7_08_v3-585703-585949-1A	Diversity	Pf3D7_08_v3	585736	585916	0.490955	TRUE	FALSE	PGD268_v4_1A_PGD268_v3_Pf3D7_08_v3-585810-586084-for_2_1	585703	585949	CTTTTAAACGATGATAACCTATATCTGCATCAT	GAAGTTATTAATTTTAAAATTGAACGTGAAACC
Pf3D7_08_v3-585993-586266-1A	Diversity	Pf3D7_08_v3	586025	586233	0.500045	TRUE	FALSE	PGD268_v4_1A_PGD268_v3_Pf3D7_08_v3-585810-586084-for_2_2	585993	586266	ATTCTAATAATATTTCCACCAAAACAATGTCC	AAACTAATGATTATAAAATATGGAGTGCTCAAG
Pf3D7_08_v3-1056678-1056903-1A	Diversity	Pf3D7_08_v3	1056703	1056878	0.562723	TRUE	FALSE	PGD268_v4_1A_PGD268_v3_Pf3D7_08_v3-1056669-1056900-for_1_1	1056678	1056903	GGCTAGTAACAGTACAGCTAGTTGT	TGCATCATCATTGTCTAAAGCTTCG
Pf3D7_08_v3-1099719-1099977-1A	Diversity	Pf3D7_08_v3	1099751	1099944	0.762533	TRUE	TRUE	PGD268_v4_1A_PGD268_v3_Pf3D7_08_v3-1099817-1099995-for_1_1	1099719	1099977	AGATAATTTGAAAAACGATGAAAAAGATGAAG	AGCAAAATTATCACATATGTTACATTCATACAC
Pf3D7_08_v3-1176313-1176549-1A	Diversity	Pf3D7_08_v3	1176346	1176524	0.776556	TRUE	TRUE	PGD268_v4_1A_PGD268_v3_Pf3D7_08_v3-1176382-1176512-for_1_1	1176313	1176549	TTGTTATATCCGTTGATATAAAAGAAGGATCAT	GGGACCTTACAACCTTTTTGTAAGC
Pf3D7_08_v3-1313088-1313338-1A	Diversity	Pf3D7_08_v3	1313120	1313308	0.520872	TRUE	FALSE	PGD268_v4_1A_PGD268_v3_Pf3D7_08_v3-1313108-1313318-for_1_1	1313088	1313338	AGAAAAACAAATAGGTTTATGGAATAAATGGA	AATCATCAATATGTTTCACATATCTTGCAA
Pf3D7_08_v3-1314717-1314986-1A	Diversity	Pf3D7_08_v3	1314744	1314953	0.546025	FALSE	FALSE	PGD268_v4_1A_PGD268_v3_Pf3D7_08_v3-1314717-1314992-for_1_1	1314717	1314986	AAGTGGAACATATGAAATTCAAGAGGA	TGTTTATTTTTCCATTCCTTCATATTTTCTTTT
Pf3D7_08_v3-1344618-1344845-1A	Diversity	Pf3D7_08_v3	1344651	1344813	0.715463	TRUE	FALSE	PGD268_v4_1A_PGD268_v3_Pf3D7_08_v3-1344658-1344847-for_1_1	1344618	1344845	AATTTTCTTATATAACCTAAGTTGATGACTTGG	AGAACAGATGAAGTAACTACTCGATTAAATGA
Pf3D7_09_v3-82006-82236-1A	Diversity	Pf3D7_09_v3	82034	82203	0.907385	FALSE	FALSE	PGD268_v4_1A_PGD268_v3_Pf3D7_09_v3-82037-82202-for_1_1	82006	82236	TTGTGTCCGAATACTTTTTCTTTAACCA	CTTAGGTATTTTTGCATCTATTAATTTGCTTTT
Pf3D7_09_v3-163813-164052-1A	Diversity	Pf3D7_09_v3	163846	164021	0.507981	TRUE	FALSE	PGD268_v4_1A_PGD268_v3_Pf3D7_09_v3-163871-164105-for_1_1	163813	164052	ACCCAAAATGATAAATCTTCTTCATTTCTAAAA	ACCAAAAATGCTATTATTATTTTTCTGGGAA
Pf3D7_09_v3-164045-164311-1A	Diversity	Pf3D7_09_v3	164075	164287	0.494639	FALSE	FALSE	PGD268_v4_1A_PGD268_v3_Pf3D7_09_v3-163871-164105-for_2_1	164045	164311	TTTTTGGTAATACAGCTAATAATACGGCAA	GGCTTTCGTTTGACTTTACTTCTG
Pf3D7_09_v3-202854-203106-1A	Diversity	Pf3D7_09_v3	202887	203076	0.761054	TRUE	TRUE	PGD268_v4_1A_PGD268_v3_Pf3D7_09_v3-202872-203100-for_1_1	202854	203106	GTAAACAATGAATAAATATTCTTGCCAATTCGA	ATGTGTGATAGAGAAAGGTTCAATTGTTTA
Pf3D7_09_v3-270915-271160-1A	Diversity	Pf3D7_09_v3	270942	271136	0.643743	TRUE	FALSE	PGD268_v4_1A_Pf3D7_09_v3-271023-271033_1	270915	271160	CCTTCAGCTTCTTCTAATTCTTCCATT	AGATGCTATTGCGGAAAAAGACAT
Pf3D7_09_v3-516735-517007-1A	Diversity	Pf3D7_09_v3	516767	516980	0.416394	TRUE	FALSE	PGD268_v4_1A_PGD268_v3_Pf3D7_09_v3-516900-517120-for_1_1	516735	517007	ACACAAAATGGTACTTTTAAAGATTGTTTATG	TGGACAATAAAAACCTATGGGACATTC
Pf3D7_09_v3-595828-596094-1A	Diversity	Pf3D7_09_v3	595861	596063	0.878037	TRUE	TRUE	PGD268_v4_1A_PGD268_v3_Pf3D7_09_v3-595857-596071-for_1_1	595828	596094	TTTAGTAATGTTACATATAATATTCCACACGGT	AAACAAACTGAAGATTTCATTACACAATATG
Pf3D7_09_v3-685560-685825-1A	Diversity	Pf3D7_09_v3	685588	685792	0.663143	TRUE	FALSE	PGD268_v4_1A_PGD268_v3_Pf3D7_09_v3-685595-685782-for_1_1	685560	685825	CAAGTTCAACCGAACAAATATAATCACG	GGGCGAAATTCTATGAATGTATTATTAATAGAA
Pf3D7_09_v3-1015103-1015350-1A	Diversity	Pf3D7_09_v3	1015131	1015317	0.626469	TRUE	FALSE	PGD268_v4_1A_PGD268_v3_Pf3D7_09_v3-1015151-1015369-for_1_1	1015103	1015350	GCTACCGATTGAATAGTTGAATCTTTGT	TGTTCCAAAGGATTGAAATATATTTGTACTTTT
Pf3D7_09_v3-1406342-1406614-1A	Diversity	Pf3D7_09_v3	1406372	1406581	0.664048	TRUE	FALSE	PGD268_v4_1A_PGD268_v3_Pf3D7_09_v3-1406377-1406569-for_1_1	1406342	1406614	CTTTTAAATGAAGTGTCTGCTAGTACAGAT	TTCACCATTTTCTATTATTATTTCATCCTCTCC
Pf3D7_10_v3-992331-992603-1A	Diversity	Pf3D7_10_v3	992363	992570	0.656503	TRUE	FALSE	PGD268_v4_1A_PGD268_v3_Pf3D7_10_v3-992343-992572-for_2_1	992331	992603	AACAAAATTGCCTATCATTAATGGAAAATATC	TCATTCGTATGACCCATATAATCTTCATTTTTC
Pf3D7_10_v3-992596-992869-1A	Diversity	Pf3D7_10_v3	992622	992836	0.306357	TRUE	FALSE	PGD268_v4_1A_PGD268_v3_Pf3D7_10_v3-992343-992572-for_2_2	992596	992869	ACGAATGATGCTTATAGTCAACATGG	CACAAGTATCAGTATTCAATTCATTACATGAAT
Pf3D7_10_v3-1386657-1386909-1A	Diversity	Pf3D7_10_v3	1386690	1386876	0.610218	TRUE	FALSE	PGD268_v4_1A_PGD268_v3_Pf3D7_10_v3-1386672-1386897-for_1_1	1386657	1386909	TTAATAACTCCATAAGTGCTACAGTTATATAGG	AAACTTAAAAATGAGGACAAGGAAAATAATACA
Pf3D7_10_v3-1392371-1392620-1A	Diversity	Pf3D7_10_v3	1392400	1392588	0.660828	TRUE	FALSE	PGD268_v4_1A_PGD268_v3_Pf3D7_10_v3-1392390-1392684-for_1_1	1392371	1392620	TGATGGTGACAAAAGAGGTAAAGTAATTT	TTTTTGTTCTTCTTTTACACTGTGTATTTTGG
Pf3D7_10_v3-1414337-1414596-1A	Diversity	Pf3D7_10_v3	1414370	1414565	0.778188	TRUE	TRUE	PGD268_v4_1A_Pf3D7_10_v3-1414386-1414637_1	1414337	1414596	TTAAAGCATTATGAAGAATGGGTTAATAGAAGG	AAAGAAGTGGTTGTTAGAGAATCTTGATTTT
Pf3D7_10_v3-1414599-1414832-1A	Diversity	Pf3D7_10_v3	1414631	1414799	0.394969	TRUE	FALSE	PGD268_v4_1A_Pf3D7_10_v3-1414386-1414637_2	1414599	1414832	CAACGTCTATTAATAGTGTTAGGGATTCTAGT	ATTTTTCTTCAGTAATAATATTTGTACCAGGAA
Pf3D7_11_v3-115913-116184-1A	Diversity	Pf3D7_11_v3	115946	116151	0.753228	TRUE	TRUE	PGD268_v4_1A_PGD268_v3_Pf3D7_11_v3-115922-116130-for_1_1	115913	116184	TTCTTATATCAACCTTTTCAAGAGGAACTTTAG	AATAGCTTTACGTTATGATCCAGAAAATAATGA
Pf3D7_11_v3-119432-119705-1A	Diversity	Pf3D7_11_v3	119464	119672	0.664194	TRUE	FALSE	PGD268_v4_1A_PGD268_v3_Pf3D7_11_v3-119458-119721-for_1_1	119432	119705	CTGTAATACTATTTTCATAAGAACTGCTTCCA	AAAACTAGTGAAGGGAATATCAAAGAATATAGA
Pf3D7_11_v3-408285-408534-1A	Diversity	Pf3D7_11_v3	408317	408504	0.419427	TRUE	FALSE	PGD268_v4_1A_PGD268_v3_Pf3D7_11_v3-408526-408775-for_1_1	408285	408534	ACTAATGATCCATATAAAAACGCTCAAAATAT	CATCCTGTGTATCATAATTTTGTTCATTCG
Pf3D7_11_v3-408543-408771-1A	Diversity	Pf3D7_11_v3	408573	408747	0.605662	TRUE	FALSE	PGD268_v4_1A_PGD268_v3_Pf3D7_11_v3-408526-408775-for_1_2	408543	408771	AATAACTTAAATAAAAATATGGACGGCTCC	GACATTCTTTCAATGCTTCCGAAA
Pf3D7_11_v3-497277-497548-1A	Diversity	Pf3D7_11_v3	497307	497519	0.70478	TRUE	FALSE	PGD268_v4_1A_PGD268_v3_Pf3D7_11_v3-497381-497497-for_1_1	497277	497548	ACTAAAATAGAAAATTTCGAGCAACTTTTC	GCTGATTGAGCAAAAGTAAAAATTTCTTC
Pf3D7_11_v3-1006693-1006917-1A	Diversity	Pf3D7_11_v3	1006726	1006893	0.48814	TRUE	FALSE	PGD268_v4_1A_PGD268_v3_Pf3D7_11_v3-1006871-1007111-for_1_1	1006693	1006917	TTTTTATATTTAAAACTGACATGACCAAAAACT	ACTGGATGAAAAGAATCCTCCCAA
Pf3D7_11_v3-1018781-1019053-1A	Diversity	Pf3D7_11_v3	1018814	1019021	0.632068	TRUE	FALSE	PGD268_v4_1A_PGD268_v3_Pf3D7_11_v3-1018675-1019014-for_2_1	1018781	1019053	AGGAAGTGAATATATTAGAAATGTCTGAATTTT	ATTTATATTTTAAAGGTGCATGCTATTTTTGT
Pf3D7_11_v3-1019050-1019319-1A	Diversity	Pf3D7_11_v3	1019079	1019287	0.291107	TRUE	FALSE	PGD268_v4_1A_PGD268_v3_Pf3D7_11_v3-1018675-1019014-for_2_2	1019050	1019319	AAATAAGAATGTCTTAACACAACAAAGGA	ATGTGAAGAAGAAAATATGATTACACATGAAT
Pf3D7_11_v3-1127074-1127316-1A	Diversity	Pf3D7_11_v3	1127104	1127294	0.601822	TRUE	FALSE	PGD268_v4_1A_PGD268_v3_Pf3D7_11_v3-1126996-1127237-for_2_1	1127074	1127316	GTCTTCTTAAGAAAAGGAAACAAACCATTT	CGGCATTTAGCTCGATATTGGT
Pf3D7_11_v3-1293919-1294168-1A	Diversity	Pf3D7_11_v3	1293944	1294136	0.910398	TRUE	TRUE	PGD268_v4_1A_PGD268_v3_Pf3D7_11_v3-1293926-1294137-for_1_1	1293919	1294168	GGAAGAGGACAGAATTATTGGGAAC	AATTACTTCTTTCTACTATTTCAATGCTTGAA
Pf3D7_11_v3-1294664-1294910-1A	Diversity	Pf3D7_11_v3	1294691	1294888	0.917639	TRUE	TRUE	PGD268_v4_1A_PGD268_v3_Pf3D7_11_v3-1294806-1295106-for_1_1	1294664	1294910	GAAACAGCATGTTTTGTTTTAGACCAG	TGTTTAGGTTGATCCGAAGCAC
Pf3D7_11_v3-1295103-1295335-1A	Diversity	Pf3D7_11_v3	1295136	1295311	0.811498	TRUE	TRUE	PGD268_v4_1A_PGD268_v3_Pf3D7_11_v3-1295128-1295420-for_2_1	1295103	1295335	AACATGTTTAATTAACAATTCATCATACATTGC	GGTCACATGGGCATTTTAAACTGT
Pf3D7_11_v3-1295371-1295597-1A	Diversity	Pf3D7_11_v3	1295398	1295564	0.365816	TRUE	FALSE	PGD268_v4_1A_PGD268_v3_Pf3D7_11_v3-1295128-1295420-for_2_2	1295371	1295597	GTATGTAAATGTGTAGAAAGAAGGGCA	TCATCCATTTTATCATATTTTTCAGCATTTCCT
Pf3D7_11_v3-1374917-1375148-1A	Diversity	Pf3D7_11_v3	1374947	1375115	0.529768	TRUE	FALSE	PGD268_v4_1A_PGD268_v3_Pf3D7_11_v3-1375022-1375167-for_1_1	1374917	1375148	GTACCATCAACACTATATGCAAACATTTTC	GAAAATTATTAGAAGAACATCCAAATGAAGAAG
Pf3D7_11_v3-1375807-1376056-1A	Diversity	Pf3D7_11_v3	1375840	1376024	0.682051	TRUE	FALSE	PGD268_v4_1A_PGD268_v3_Pf3D7_11_v3-1375830-1376024-for_1_1	1375807	1376056	ATTTGATACACCATTGTCTTGGATATTATTTTG	AGAAGAATTTATGGAAAGGATCTACTTAAGAA
Pf3D7_11_v3-1376058-1376305-1A	Diversity	Pf3D7_11_v3	1376087	1376276	0.585064	TRUE	FALSE	PGD268_v4_1A_PGD268_v3_Pf3D7_11_v3-1376158-1376346-for_1_1	1376058	1376305	CAAAATTATTCATCATGCTATTTGTGCCA	AACTGTAGAAGAGCATTCTTTAAGTAGTA
Pf3D7_11_v3-1816152-1816378-1A	Diversity	Pf3D7_11_v3	1816179	1816346	0.703947	TRUE	FALSE	PGD268_v4_1A_PGD268_v3_Pf3D7_11_v3-1816183-1816453-for_1_1	1816152	1816378	ATCTTTTTCGTTGTATGTGCATAATCA	AAACATAATTCTAATGATATTGACCTTGTGCA
Pf3D7_11_v3-1934962-1935236-1A	Diversity	Pf3D7_11_v3	1934990	1935203	0.537513	TRUE	FALSE	PGD268_v4_1A_Pf3D7_11_v3-1934893-1935088_1	1934962	1935236	ACTTTCGGTGTTTTTCTGGTATATCATT	AAAAGAAAGAAAACAAAAAGCACTAAATCTTAT
Pf3D7_12_v3-63081-63314-1A	Diversity	Pf3D7_12_v3	63114	63281	0.703594	TRUE	FALSE	PGD268_v4_1A_PGD268_v3_Pf3D7_12_v3-63146-63423-for_1_1	63081	63314	GCTATCCACTTCTTACAACGTGATAAATTATTT	AACACATTTATCTTATTTACCCGTATCTCATAT
Pf3D7_12_v3-233418-233671-1A	Diversity	Pf3D7_12_v3	233446	233639	0.696821	TRUE	FALSE	PGD268_v4_1A_PGD268_v3_Pf3D7_12_v3-233377-233553-for_2_1	233418	233671	TCTAAATTCTGTCCCTTCACCTAAAGTT	ATTCTGATGATATATGTGATGACATTTTTGAT
Pf3D7_12_v3-529495-529767-1A	Diversity	Pf3D7_12_v3	529527	529735	0.716857	TRUE	FALSE	PGD268_v4_1A_PGD268_v3_Pf3D7_12_v3-529517-529825-for_1_1	529495	529767	AATGGATTAATGTTTTCTACTTTTCCTTTAGC	TGTCTTGTTATCATTGGCTTTTTCATTGTATA
Pf3D7_12_v3-659881-660127-1A	Diversity	Pf3D7_12_v3	659903	660096	0.928981	TRUE	TRUE	PGD268_v4_1A_PGD268_v3_Pf3D7_12_v3-659888-660018-for_1_1	659881	660127	CATATGTTGCTGGGTCGACTTT	GCTTTTCTTGAATCACAATCAATGAATAAGA
Pf3D7_12_v3-684011-684240-1A	Diversity	Pf3D7_12_v3	684044	684207	0.512444	TRUE	FALSE	PGD268_v4_1A_PGD268_v3_Pf3D7_12_v3-684080-684274-for_1_1	684011	684240	TCAGGAATTTACCATTAATATCAATTATTGGTC	TTGATCCTTTATTTCTTTTGAAAACTTTTCTTG
Pf3D7_12_v3-857050-857323-1A	Diversity	Pf3D7_12_v3	857083	857293	0.536711	TRUE	FALSE	PGD268_v4_1A_PGD268_v3_Pf3D7_12_v3-857093-857304-for_1_1	857050	857323	AAAATCCTTCTTTTCCAACTGTCATATATATAC	TCTTTGACATTTTTCAAAAACGACATACTG
Pf3D7_12_v3-1959644-1959891-1A	Diversity	Pf3D7_12_v3	1959669	1959858	0.592575	FALSE	FALSE	PGD268_v4_1A_PGD268_v3_Pf3D7_12_v3-1959779-1959848-for_1_1	1959644	1959891	AATCGGTGGCAAGGTTTACAATATT	TCTCAGAAATAATAGTGGAACCATAATATTGTA
Pf3D7_13_v3-146695-146934-1A	Diversity	Pf3D7_13_v3	146725	146904	0.730621	TRUE	TRUE	PGD268_v4_1A_PGD268_v3_Pf3D7_13_v3-146612-146922-for_2_1	146695	146934	GGTATTACTCAACCAAGAAAAATAGCTGTA	ATCCATATTTATACTTCTTTCATGTGCTTC
Pf3D7_13_v3-156456-156685-1A	Diversity	Pf3D7_13_v3	156487	156652	0.501292	TRUE	FALSE	PGD268_v4_1A_PGD268_v3_Pf3D7_13_v3-156538-156750-for_1_1	156456	156685	ACAGATATGGATTTTTCCATATCTATTGAAC	GAATGTTTTAACAATATAGGTGTGTCATATCTG
Pf3D7_13_v3-156713-156986-1A	Diversity	Pf3D7_13_v3	156746	156956	0.611689	TRUE	FALSE	PGD268_v4_1A_PGD268_v3_Pf3D7_13_v3-156642-156851-for_2_1	156713	156986	TCAACAAAATAGATTAATGAGCAATTCTAACTT	GAGTAACATAATTGTTCTACCTCCTAAAGC
Pf3D7_13_v3-388138-388408-1A	Diversity	Pf3D7_13_v3	388171	388378	0.42006	TRUE	FALSE	PGD268_v4_1A_PGD268_v3_Pf3D7_13_v3-388201-388395-for_1_1	388138	388408	TTTAAATTTTCATCCTTCATTACATCCTTTCTA	AGTCTATAAATCAATCCAACTCAAAACAGC
Pf3D7_13_v3-479569-479811-1A	Diversity	Pf3D7_13_v3	479602	479778	0.63335	TRUE	FALSE	PGD268_v4_1A_PGD268_v3_Pf3D7_13_v3-479650-479830-for_1_1	479569	479811	ATGTTTAATATGAATGTACCTGGTGATAATATG	ATTTTCTCTGTCTTTCAAAATAGCTAATTCATC
Pf3D7_13_v3-815862-816091-1A	Diversity	Pf3D7_13_v3	815895	816058	0.607549	TRUE	FALSE	PGD268_v4_1A_PGD268_v3_Pf3D7_13_v3-815881-816148-for_1_1	815862	816091	ACATTCACACAAATAGAAAAATCTTCATTTTTC	ATCAATAATCAAAATCATGATAACAACCAATTT
Pf3D7_13_v3-852647-852921-1A	Diversity	Pf3D7_13_v3	852680	852897	0.84486	FALSE	FALSE	PGD268_v4_1A_PGD268_v3_Pf3D7_13_v3-852668-852880-for_1_1	852647	852921	GCTTTCAGATTTGAAACTAATGATTTGATTGTT	TGACTTGCACTTTTTCCATCGAAT
Pf3D7_13_v3-911757-912005-1A	Diversity	Pf3D7_13_v3	911783	911974	0.583598	TRUE	FALSE	PGD268_v4_1A_PGD268_v3_Pf3D7_13_v3-911662-911873-for_2_1	911757	912005	ACTACATGGGCTTCCAAATAAACATG	ACAACCAAACCTAGTAATAGTAGAAGTAAAG
Pf3D7_13_v3-935613-935884-1A	Diversity	Pf3D7_13_v3	935645	935858	0.5107	TRUE	FALSE	PGD268_v4_1A_PGD268_v3_Pf3D7_13_v3-935622-935967-for_1_1	935613	935884	AAATTCAATAACATGAATGATGACTACTCCAA	TCTAGAACAATACTTGCCCTTTCTCT
Pf3D7_13_v3-1004740-1005002-1A	Diversity	Pf3D7_13_v3	1004773	1004969	0.836781	TRUE	TRUE	PGD268_v4_1A_PGD268_v3_Pf3D7_13_v3-1004557-1004857-for_1_1	1004740	1005002	TTTAATGATGTTAATACAAAATCTGCATCTTTT	GAAAAAGATACAAATATAACATACCCTTGGTAT
Pf3D7_13_v3-1146764-1147010-1A	Diversity	Pf3D7_13_v3	1146789	1146982	0.559182	TRUE	FALSE	PGD268_v4_1A_PGD268_v3_Pf3D7_13_v3-1146679-1146929-for_2_1	1146764	1147010	CAGCAAAGATGGAGAAACATTCTCT	GGTTTTGTTTCAATTTTTCTTGGTGGTA
Pf3D7_13_v3-1233093-1233332-1A	Diversity	Pf3D7_13_v3	1233118	1233299	0.498978	TRUE	FALSE	PGD268_v4_1A_PGD268_v3_Pf3D7_13_v3-1233025-1233248-for_2_1	1233093	1233332	GTGTGGGTTCCTCACAAATGTTATT	GTGGTGCAAAGATATTAACGTATTTATTAGAGA
Pf3D7_13_v3-1265494-1265726-1A	Diversity	Pf3D7_13_v3	1265527	1265694	0.811484	TRUE	TRUE	PGD268_v4_1A_PGD268_v3_Pf3D7_13_v3-1265335-1265601-for_2_1	1265494	1265726	AGTGCTAATATAATTACAAAAACATTTTCGTTC	TGTTTTTGAAAATAATATTCTTCCTCCCTGAT
Pf3D7_13_v3-1350855-1351093-1A	Diversity	Pf3D7_13_v3	1350888	1351062	0.458568	TRUE	FALSE	PGD268_v4_1A_Pf3D7_13_v3-1350980-1350981_1	1350855	1351093	ACTTTTATGTATATCGTTTCGATTTAGGTCTTC	ATCGTATGAGAGGTATGTTAGGTAAAGAAAA
Pf3D7_13_v3-1406713-1406975-1A	Diversity	Pf3D7_13_v3	1406746	1406947	0.449476	TRUE	FALSE	PGD268_v4_1A_PGD268_v3_Pf3D7_13_v3-1406721-1406816-for_1_1	1406713	1406975	CCATTGTTAGGATATTCTTTTGTTTCTTCTTTC	AATGATGACAAATTGAGTGAAAATCCTG
Pf3D7_13_v3-1419363-1419626-1A	Diversity	Pf3D7_13_v3	1419396	1419601	0.845111	TRUE	TRUE	PGD268_v4_1A_Pf3D7_13_v3-1419414-1419519_1	1419363	1419626	TCTTTAGAATTTAAAACGAAGTCTTCATATTCT	GGTAAAGGCACAAAGTGAAACAGAT
Pf3D7_13_v3-1465616-1465890-1A	Diversity	Pf3D7_13_v3	1465639	1465870	0.917491	TRUE	TRUE	PGD268_v4_1A_PGD268_v3_Pf3D7_13_v3-1465637-1465922-for_1_1	1465616	1465890	CCTTCTTCTGGATTTGGTGAAGG	TGTGGTGTTTGGGACGAATG
Pf3D7_13_v3-1465901-1466157-1A	Diversity	Pf3D7_13_v3	1465926	1466124	0.861338	TRUE	TRUE	PGD268_v4_1A_PGD268_v3_Pf3D7_13_v3-1465637-1465922-for_2_1	1465901	1466157	TTTTCTACTTCAACACAAACAGCCT	CAATTAGTTGTTATATTAACAGATGGAATTCCA
Pf3D7_13_v3-1876391-1876664-1A	Diversity	Pf3D7_13_v3	1876422	1876636	0.674022	TRUE	FALSE	PGD268_v4_1A_PGD268_v3_Pf3D7_13_v3-1876324-1876562-for_2_1	1876391	1876664	ATGTGCACTATCATCAACTAAAGAAATATCT	ATGTTTTCAAGAAGGAAAAGAAAAAGCC
Pf3D7_13_v3-2114242-2114482-1A	Diversity	Pf3D7_13_v3	2114272	2114454	0.739529	TRUE	TRUE	PGD268_v4_1A_PGD268_v3_Pf3D7_13_v3-2114308-2114606-for_1_1	2114242	2114482	TCTACTGAGGCTTCATGTAAGATATCAATT	TTGTAGTTCCACAATCATCTGGAATTTT
Pf3D7_13_v3-2114829-2115090-1A	Diversity	Pf3D7_13_v3	2114855	2115057	0.648732	TRUE	FALSE	PGD268_v4_1A_PGD268_v3_Pf3D7_13_v3-2114965-2115169-for_1_1	2114829	2115090	GGATTTCGTATTTTCTGACATGGCAT	AATACTTGAAGAAAGGTTAAATACCGTATTAAA
Pf3D7_13_v3-2545065-2545291-1A	Diversity	Pf3D7_13_v3	2545092	2545258	0.77364	TRUE	TRUE	PGD268_v4_1A_PGD268_v3_Pf3D7_13_v3-2545133-2545310-for_1_1	2545065	2545291	AGCTATCATTACATGCTGACACAATAT	GATTAGTTGTGGAGATGATAAAACTATCAAATT
Pf3D7_14_v3-106867-107115-1A	Diversity	Pf3D7_14_v3	106894	107084	0.632317	TRUE	FALSE	PGD268_v4_1A_PGD268_v3_Pf3D7_14_v3-106860-107097-for_2_1	106867	107115	CATACAACATCAACAAAAACTTCCACA	ATTTTCTCTTCATTAGCTAAAGGTATACATG
Pf3D7_14_v3-120101-120365-1A	Diversity	Pf3D7_14_v3	120134	120332	0.629938	TRUE	FALSE	PGD268_v4_1A_PGD268_v3_Pf3D7_14_v3-120187-120379-for_1_1	120101	120365	TTCCATTTTTACATTTACATATAACTCCAACTC	AGAAATGTACGAATTTTAAATGAAGAAAAATGT
Pf3D7_14_v3-137398-137668-1A	Diversity	Pf3D7_14_v3	137431	137636	0.502206	TRUE	FALSE	PGD268_v4_1A_PGD268_v3_Pf3D7_14_v3-137432-137677-for_1_1	137398	137668	TTTCTTAATTTCTTTACTACCATATTCCATTCA	ATGAAGATGAGCAATTTTGCTTATTTATATGT
Pf3D7_14_v3-279563-279833-1A	Diversity	Pf3D7_14_v3	279591	279800	0.659931	TRUE	FALSE	PGD268_v4_1A_PGD268_v3_Pf3D7_14_v3-279635-279814-for_1_1	279563	279833	CCATTACTACCAAAAACATGGAAACCTA	AGTAATTATATTTCCCATTACTTATGGGAAGTT
Pf3D7_14_v3-377765-378020-1A	Diversity	Pf3D7_14_v3	377798	377992	0.760904	TRUE	TRUE	PGD268_v4_1A_PGD268_v3_Pf3D7_14_v3-377707-378019-for_1_1	377765	378020	ATTCTTGTAGAATATCAAAAGAAATTCGTAACA	TTGCACAATAATGGAAAAAGAAAATGCA
Pf3D7_14_v3-407306-407542-1A	Diversity	Pf3D7_14_v3	407339	407509	0.818574	TRUE	TRUE	PGD268_v4_1A_Pf3D7_14_v3-407354-407444_1	407306	407542	CATAAATCCGTTTTAATGTTTTCCTTTTATACC	CATCTAATACAAACATGAGTAACTTGGTTAATT
Pf3D7_14_v3-421322-421547-1A	Diversity	Pf3D7_14_v3	421355	421514	0.555509	TRUE	FALSE	PGD268_v4_1A_PGD268_v3_Pf3D7_14_v3-421400-421582-for_1_1	421322	421547	CCTTTTCTCGATTTTTCAGTAAATTAAATCCTT	CTTCCTTGTAATGATTCTATAGTATCAAACAAA
Pf3D7_14_v3-771407-771633-1A	Diversity	Pf3D7_14_v3	771433	771601	0.789254	TRUE	TRUE	PGD268_v4_1A_PGD268_v3_Pf3D7_14_v3-771510-771653-for_1_1	771407	771633	TCCCGAAAACATATCACTAGATCCAT	AAAAATTAAACATGATGCCACATTTTAGTAGT
Pf3D7_14_v3-921176-921432-1A	Diversity	Pf3D7_14_v3	921209	921399	0.799048	TRUE	TRUE	PGD268_v4_1A_PGD268_v3_Pf3D7_14_v3-921193-921359-for_1_1	921176	921432	AGGATGAAAAATATAATAATTTGTGTACTTGGA	AAGAATAATACGAAAAATTAACCATAACCATCA
Pf3D7_14_v3-1038300-1038538-1A	Diversity	Pf3D7_14_v3	1038327	1038505	0.681899	TRUE	FALSE	PGD268_v4_1A_PGD268_v3_Pf3D7_14_v3-1038341-1038514-for_1_1	1038300	1038538	AAAATCTTCATCAACTCTTTGGTTCGA	ATCATTGTACACAACATTTTAGATCTTATGTTA
Pf3D7_14_v3-1166107-1166371-1A	Diversity	Pf3D7_14_v3	1166135	1166338	0.573274	FALSE	FALSE	PGD268_v4_1A_PGD268_v3_Pf3D7_14_v3-1166106-1166403-for_1_1	1166107	1166371	AGAATGGGATGGAAAATATGTATTCGAT	TTTTTGATCTTCTACAGATATGGACAAATTAGT
Pf3D7_14_v3-1392837-1393086-1A	Diversity	Pf3D7_14_v3	1392870	1393059	0.55736	TRUE	FALSE	PGD268_v4_1A_PGD268_v3_Pf3D7_14_v3-1392942-1393062-for_1_1	1392837	1393086	TCTTTATATTAGTACCATGAACATCTACCCTAT	GCACTACGAAACAGATGTTTTGAAATT
Pf3D7_14_v3-1992121-1992370-1A	Diversity	Pf3D7_14_v3	1992154	1992347	0.637981	TRUE	FALSE	PGD268_v4_1A_PGD268_v3_Pf3D7_14_v3-1992241-1992457-for_1_1	1992121	1992370	TTTTCATGAAAGGAGTATCCAATAAATGATTTA	GCACTTACCACGAAAAGGGATAA
Pf3D7_14_v3-2004362-2004606-1A	Diversity	Pf3D7_14_v3	2004395	2004574	0.774711	TRUE	TRUE	PGD268_v4_1A_Pf3D7_14_v3-2004480-2004549_1	2004362	2004606	TTGCTACATATGTTTATGTGTAAAGGTTAATAT	CAGAAACTTGATGAACAATCAAAGAATATAGC
Pf3D7_14_v3-2020604-2020849-1A	Diversity	Pf3D7_14_v3	2020637	2020823	0.811453	TRUE	TRUE	PGD268_v4_1A_PGD268_v3_Pf3D7_14_v3-2020629-2020825-for_1_1	2020604	2020849	CTTGGATTTCTTAGATTCATTATTCCATTCATC	ACATTGAATAACGCTCAGCATAGTAC
Pf3D7_14_v3-2260533-2260765-1A	Diversity	Pf3D7_14_v3	2260556	2260737	0.723478	FALSE	FALSE	PGD268_v4_1A_PGD268_v3_Pf3D7_14_v3-2260532-2260813-for_1_1	2260533	2260765	GCATATGCAACCATACCACCAAT	ATTGTTTGTGGAACACATACAGTATTGA
Pf3D7_14_v3-2355614-2355853-1A	Diversity	Pf3D7_14_v3	2355646	2355820	0.713266	TRUE	FALSE	PGD268_v4_1A_PGD268_v3_Pf3D7_14_v3-2355664-2355870-for_1_1	2355614	2355853	AAAACATCATATGAAGCATATCAAGAACAATC	TGACATAATAATATCGTTTTTGGATTGTATCCA
Pf3D7_14_v3-2695837-2696082-1A	Diversity	Pf3D7_14_v3	2695870	2696052	0.640733	TRUE	FALSE	PGD268_v4_1A_Pf3D7_14_v3-2695874-2695986_1	2695837	2696082	AAAGAATTATTATTGTTCGTTTCGTTTGAAATT	TAGCGATATGCAAAGAATAACATCAAATGT
Pf3D7_14_v3-2733345-2733593-1A	Diversity	Pf3D7_14_v3	2733378	2733564	0.35351	TRUE	FALSE	PGD268_v4_1A_PGD268_v3_Pf3D7_14_v3-2733565-2733804-for_1_1	2733345	2733593	GCAAAAATGAATATAGGTGGCGATATAAAAGTA	AATTCTTATTGTAGATGAAACGGTTTTGA
Pf3D7_14_v3-2858894-2859160-1A	Diversity	Pf3D7_14_v3	2858926	2859127	0.56272	TRUE	FALSE	PGD268_v4_1A_PGD268_v3_Pf3D7_14_v3-2858902-2859189-for_1_1	2858894	2859160	AATAATTATACATCTTTATTTGGACACCGTGT	AGTTTCAATATCCATCATATCATCAACAATAAT
Pf3D7_14_v3-3124416-3124655-1A	Diversity	Pf3D7_14_v3	3124442	3124626	0.825471	TRUE	TRUE	PGD268_v4_1A_PGD268_v3_Pf3D7_14_v3-3124431-3124711-for_1_1	3124416	3124655	CAAGTGAACAACGACCTGCTTATAAT	CCATTTTTCCATATCCTGGTTGTTCATTA
Pf3D7_14_v3-3125801-3126073-1A	Diversity	Pf3D7_14_v3	3125830	3126040	0.735979	TRUE	TRUE	PGD268_v4_1A_PGD268_v3_Pf3D7_14_v3-3125974-3126249-for_1_1	3125801	3126073	CAGGTTGTTGGGAATTTAACATTACAAAA	AAGACTTCTTCTTTTCAAATCTAATAAAATTGC
Pf3D7_14_v3-3214249-3214516-1A	Diversity	Pf3D7_14_v3	3214282	3214486	0.577652	FALSE	FALSE	PGD268_v4_1A_PGD268_v3_Pf3D7_14_v3-3214323-3214506-for_1_1	3214249	3214516	AATCTAATTCATTTATGGAATCATACACTTGGT	AATTTCTTATATCATCAATTGATGGTTGCC
PKNH_12_v2-198869-199113-1AB	Species	PKNH_12_v2	198894	199083	NA	FALSE	FALSE	PGD268_v4_1A_PGD268_v3_PKNH_12_v2-198982-199086_1_1	198869	199113	CTCCAATAAAGTGGAACAGACAAGA	ATAAAATGGTGCTTCTGAAAAGATACATCA
Pf3D7_13_v3-1041593-1041860-1AB	Species	Pf3D7_13_v3	1041625	1041829	0.0177863	TRUE	FALSE	PGD268_v4_1A_PGD268_v3_Pf3D7_13_v3-1041733-1041837_1_1	1041593	1041860	AGATTATTGGTTTAGGTGGTGTATTAGATACA	GGTGATGCATGTAAGTTTACAATTTCTAATG
PmUG01_12_v1-1397996-1398245-1AB	Species	PmUG01_12_v1	1398021	1398213	NA	FALSE	FALSE	PGD268_v4_1A_PGD268_v3_PmUG01_12_v1-1398052-1398156_1_1	1397996	1398245	CATTTCAATAATAGCAGCAGCTGGA	ATCACAAAAATTAAATGTTTGTCCAAGAGATG
PocGH01_12_v1-1106456-1106697-1AB	Species	PocGH01_12_v1	1106483	1106671	NA	FALSE	FALSE	PGD268_v4_1A_PGD268_v3_PocGH01_12_v1-1106559-1106663_1_1	1106456	1106697	GTGGAGCATATCAAAACCTTTTTCAAA	CATGGCAATAAAATGGTTGTGTTGAA
PvP01_12_v1-1184983-1185208-1AB	Species	PvP01_12_v1	1185008	1185184	NA	FALSE	FALSE	PGD268_v4_1A_PGD268_v3_PvP01_12_v1-1185097-1185201_1_1	1184983	1185208	CCTCTAGTAGAGTGGAACAAACAAG	AGGTACATCACAGTTGGAGGTATC