locus-pool	Category	chr_malaria	ampInsert_start	ampInsert_end	GeneID	Gene	Reason to include (if drug resistance: aminoacids)	Amino acid range (*: partial coverage of that aminoacid)	pool5	amplicon_id	amplicon_start	amplicon_end	fwd_primer	rev_primer
Pf3D7_11_v3-1902034-1902278-1B	Diagnostic	Pf3D7_11_v3	1902065	1902257	PF3D7_1147800	MAEBL	ch11		FALSE	PGD268_v4_1B_Pf3D7_11_v3-1902065-1902278-for_1	1902034	1902278	AGATTGGACATATGTCTCTTCATTTATCAGA	CTGCCCAAATACCCCAATAGT
Pf3D7_11_v3-1950401-1950636-1B	Diagnostic	Pf3D7_11_v3	1950427	1950606	PF3D7_1149000	Pf332	ch11		FALSE	PGD268_v4_1B_Pf3D7_11_v3-1950527-1950588-for_1	1950401	1950636	GCATGATGAGAGTTGTGATGAATTCT	GAGATTTACAAACGTCTAAACCATTTTCAC
Pf3D7_11_v3-1968031-1968273-1B	Diagnostic	Pf3D7_11_v3	1968064	1968242	PF3D7_1149000	Pf332	ch11		FALSE	PGD268_v4_1B_Pf3D7_11_v3-1968139-1968200-for_1	1968031	1968273	CGTATTGTAGAAGATACTTCACATGTTAATAAT	GCACTTTATATTGTCTTTTAGTTCTGGTTTT
Pf3D7_11_v3-2001721-2001954-1B	Diagnostic	Pf3D7_11_v3	2001754	2001929	PF3D7_1149600	dnaJ	ch11		FALSE	PGD268_v4_1B_Pf3D7_11_v3-2001880-2002099-for_1	2001721	2001954	CAGGAAAAAGTTCCTAAAGAATCTAAAAATACC	AAAAACACCTTCCTTCATATGATCC
Pf3D7_11_v3-2001969-2002222-1B	Diagnostic	Pf3D7_11_v3	2001999	2002198	PF3D7_1149600	dnaJ	ch11		FALSE	PGD268_v4_1B_Pf3D7_11_v3-2001880-2002099-for_2	2001969	2002222	AAAAACATCACATAGGAAAGAAGTTGATGA	CTTCTTCATCTCCTGGATTCTTGT
Pf3D7_14_v3-854128-854427-1B	Diagnostic	Pf3D7_14_v3	854155	854394	PF3D7_1420600	pank1	long_amplicon		FALSE	PGD268_v4_1B_PGD268.v2_Pf3D7_14_v3-854318-854376-for_1_1	854128	854427	AAACCATCGTGCTTAGGAAATAAAACT	AGATATTCATTTTAATGACAAGGACATGAATAG
Pf3D7_03_v3-980765-980997-1B	Immune	Pf3D7_03_v3	980797	980964	PF3D7_0323400	Ripr	1039	1001*-1057*	FALSE	PGD268_v4_1B_PF3D7_0323400-AA1039_1	980765	980997	GGAAATCATCATAGATAACACTATTGCCTATT	ATTCCAATATAATGACGATGCATCTATTATTCT
Pf3D7_03_v3-981574-981823-1B	Immune	Pf3D7_03_v3	981607	981797	PF3D7_0323400	Ripr	755	724-787*	FALSE	PGD268_v4_1B_PF3D7_0323400-AA755_1	981574	981823	TTTACAATATCTGTTTCTTCATTATAAGCACAC	TTCCAGACAACAAATGTGATCTTTCA
Pf3D7_03_v3-981921-982191-1B	Immune	Pf3D7_03_v3	981946	982163	PF3D7_0323400	Ripr	673	602-674*	FALSE	PGD268_v4_1B_PF3D7_0323400-AA673_1	981921	982191	AGATTCACAATCATTTGGACGTTCA	AGGATGTAATGATTTGCTTTTGACGAAT
Pf3D7_03_v3-982299-982523-1B	Immune	Pf3D7_03_v3	982332	982491	PF3D7_0323400	Ripr	511	492*-545*	FALSE	PGD268_v4_1B_PF3D7_0323400-AA511_1	982299	982523	GTTTATATTATTACTATTTGTGTGTGGATCTGT	ACTTCAGATAAGAATTCACATCTTCATTCTAA
Pf3D7_04_v3-1077327-1077562-1B	Immune	Pf3D7_04_v3	1077360	1077536	PF3D7_0423800	CyRPA	339	305*-364*	FALSE	PGD268_v4_1B_PF3D7_0423800-AA339_1	1077327	1077562	TGGAAATGATAATAATTTCGCTGAGTGTTATAT	TTTTTATCCTTGCAGTAACCCCTTTT
Pf3D7_04_v3-1082776-1083049-1B	Immune	Pf3D7_04_v3	1082809	1083016	PF3D7_0424100	Rh5	"350,_354,_357,_362"	310-379*	FALSE	PGD268_v4_1B_PF3D7_0424100-AA362_1	1082776	1083049	TTTGTTGTAAAATATTTGTCATATCTGATAGGT	ACGTTTAAAAAGATGATGGATGAATATAATACA
Pf3D7_04_v3-1083095-1083331-1B	Immune	Pf3D7_04_v3	1083127	1083298	PF3D7_0424100	Rh5	"221,_269"	216-273*	FALSE	PGD268_v4_1B_PF3D7_0424100-AA269_1	1083095	1083331	ACTATCTGTATCTTGTATACTATCTTCTACCT	GCTGTAGATGCTTTTATTAAGAAAATAAATGAA
Pf3D7_04_v3-1083411-1083668-1B	Immune	Pf3D7_04_v3	1083443	1083635	PF3D7_0424100	Rh5	147	103*-166	FALSE	PGD268_v4_1B_PF3D7_0424100-AA147_1	1083411	1083668	TGAGGTATTATAACAAAATCCAAATGTCCTTC	TGATGGTTTAAAATATTTGTTTATTCCTTCTCA
Pf3D7_14_v3-860289-860542-1B	Immune	Pf3D7_14_v3	860315	860509	PF3D7_1420700	P113	"106,_107"	49*-113	FALSE	PGD268_v4_1B_PF3D7_1420700-AA106_1	860289	860542	CACAAGGAAACCTGTATGTGTTACAT	ACTATTACTTAATAAACAAGTCGTAGATGTTTT
Pf3D7_14_v3-860834-861066-1B	Immune	Pf3D7_14_v3	860866	861038	PF3D7_1420700	P113	234	232*-290*	FALSE	PGD268_v4_1B_PF3D7_1420700-AA234_1	860834	861066	GAAATTGGAGATGAAAGTACAGATTCTAGTTC	TTCATAGAAGAGGTAACATCACCATCAT
Pf3D7_06_v3-1214815-1215069-1B	Resistance	Pf3D7_06_v3	1214846	1215036	PF3D7_0629500	aat1	380	324-387*	FALSE	PGD268_v4_1B_PF3D7_0629500-AA380_1	1214815	1215069	AACTTGTAATATTACGCTTCTAAATGTTGAT	TTCTTAATCTTTTCCTTATTCTCCTTATCCATA
Pf3D7_06_v3-1215236-1215502-1B	Resistance	Pf3D7_06_v3	1215268	1215479	PF3D7_0629500	aat1	"185,_230,_238"	176*-246	FALSE	PGD268_v4_1B_PF3D7_0629500-AA238_1	1215236	1215502	ACAAAACCAAATGACAATCCAAAATCTATAAT	TGGTGGTGTTAGATCTAGTACGG
Pf3D7_06_v3-1215495-1215756-1B	Resistance	Pf3D7_06_v3	1215516	1215727	PF3D7_0629500	aat1	"135,_162"	93*-130	FALSE	PGD268_v4_1B_PF3D7_0629500-AA162_1	1215495	1215756	CACCACCAGGTGTAAATCGAC	AAAAACGAGTCATCAAAAAGTAGTAAGAA
Pf3D7_07_v3-404776-405006-1B	Resistance	Pf3D7_07_v3	404809	404981	PF3D7_0709000	crt	271	262-287*	FALSE	PGD268_v4_1B_PF3D7_0709000-AA271_1	404776	405006	TTTTTCCAATTGTTCACTTCTTGTCTTATATTA	GTTTCTTCCCAAGAATAAACATGCG
Pf3D7_07_v3-405334-405576-1B	Resistance	Pf3D7_07_v3	405358	405543	PF3D7_0709000	crt	326	325-337*	FALSE	PGD268_v4_1B_PF3D7_0709000-AA326_1	405334	405576	AAAACCTTCGCATTGTTTTCCTTC	ACAATAGTATATGTCATGGTAGAAAATTTGTCG
Pf3D7_10_v3-490605-490877-1B	Resistance	Pf3D7_10_v3	490638	490844	PF3D7_1012700	pph	1157	1129*-1198*	FALSE	PGD268_v4_1B_PF3D7_1012700-AA1157_1	490605	490877	AATACATATGTTTTTAGATGATGATTTTGAGGG	TCATTACGAGGATTATCATTTTTATCAGAATTT
Pf3D7_13_v3-1725713-1725955-1B	Resistance	Pf3D7_13_v3	1725741	1725923	PF3D7_1343700	k13	NA	359-419	FALSE	PGD268_v4_1B_PF3D7_1343700-AA469down_1	1725713	1725955	ACAAGGCTTCACTTTCACTTAAATCTTT	CTGAAACTATGATTGATATTAATGTTGGTGGA
Pf3D7_13_v3-1726057-1726304-1B	Resistance	Pf3D7_13_v3	1726090	1726271	PF3D7_1343700	k13	NA	243-303*	FALSE	PGD268_v4_1B_PF3D7_1343700-AA252up_1	1726057	1726304	TCGATTTCTTGTAAAAATCTTAATCTTTCTTCA	AAGACACAAATGAATTTTATTCGAGAAAAAGAT
Pf3D7_13_v3-1726723-1726995-1B	Resistance	Pf3D7_13_v3	1726756	1726967	PF3D7_1343700	k13	NA	11-81*	FALSE	PGD268_v4_1B_PF3D7_1362500-5PRIME_1	1726723	1726995	TTTTTACTATCAAAGTTCGAATCTAATACACTC	GGAAGGAGAAAAAGTAAAAACAAAAGCA
Pf3D7_14_v3-283350-283576-1B	Resistance	Pf3D7_14_v3	283381	283552	PF3D7_1407800	pm4	CNV	99*-156*	FALSE	PGD268_v4_1B_PM4_1	283350	283576	AAGGTTTTGAGCTCTGTATTGAAAAATAAAT	GGAACCCATAAATTAGCTGAACCG
Pf3D7_14_v3-283973-284211-1B	Resistance	Pf3D7_14_v3	284006	284184	PF3D7_1407800	pm4	CNV	307*-367*	FALSE	PGD268_v4_1B_Pf3D7_14_v3-284112-284173-for_1	283973	284211	TGATTTTTATGAAGGACCTTTAACTTATGAAAA	GTAAATCATCGTTATCACAGGTGGTTA
Pf3D7_14_v3-288429-288696-1B	Resistance	Pf3D7_14_v3	288462	288664	PF3D7_1407900	pm1	CNV	56-123*	FALSE	PGD268_v4_1B_PM1_1	288429	288696	TTTTTCTTATTGATTACCGGAGCATTATTTTAT	CATCATTTAATGTTACACTATCACCAGCATTA
Pf3D7_14_v3-289301-289550-1B	Resistance	Pf3D7_14_v3	289329	289517	PF3D7_1407900	pm1	CNV	345-407	FALSE	PGD268_v4_1B_Pf3D7_14_v3-289338-289530-for_1	289301	289550	TGTTGACAGTGGTACTAGTTCTATAACG	GTTCAAATCAACAGGTATTATAGATACCATACA
Pf3D7_14_v3-297935-298162-1B	Resistance	Pf3D7_14_v3	297961	298129	PF3D7_1408100	pm3	CNV	165*-221*	FALSE	PGD268_v4_1B_Pf3D7_14_v3-298000-298005-for_1	297935	298162	CCATACAGCTTCATCTAATGTATGGG	ACAATTTCCGTCATTTCAATAAATTTATAGGGT
Pf3D7_14_v3-1954850-1955124-1B	Resistance	Pf3D7_14_v3	1954882	1955099	PF3D7_1447900	mdr2	CNV	859*-932*	FALSE	PGD268_v4_1B_MDR2_1	1954850	1955124	ATTTACATCGTCTTTATCAATTGATGAATTTG	CCAGTTCATTAGATTCAAGAACCGA
Pf3D7_14_v3-1956365-1956639-1B	Resistance	Pf3D7_14_v3	1956396	1956609	PF3D7_1447900	mdr2	CNV	356*-427	FALSE	PGD268_v4_1B_MDR2_2_1	1956365	1956639	AGATTCTTGTAATTCTATAAAAGCTGATTGT	GCAAAAGGATAGATATGAAAGGAAATAGCT
Pf3D7_14_v3-1957218-1957480-1B	Resistance	Pf3D7_14_v3	1957251	1957447	PF3D7_1447900	mdr2	CNV	77-142*	FALSE	PGD268_v4_1B_MDR2_2	1957218	1957480	ATCATACTATAAACCATAAACAAAACTTTGAGT	AAATCATCAGTTGATTTATTTTTGTTGAATGTT
PKNH_12_v2-198869-199113-1AB	Species	PKNH_12_v2	198894	199083	PKNH_1203900	ldh	Pk		FALSE	PGD268_v4_1B_PGD268_v3_PKNH_12_v2-198982-199086_1_1	198869	199113	CTCCAATAAAGTGGAACAGACAAGA	ATAAAATGGTGCTTCTGAAAAGATACATCA
Pf3D7_13_v3-1041593-1041860-1AB	Species	Pf3D7_13_v3	1041625	1041829	PF3D7_1324900	ldh	Pf		FALSE	PGD268_v4_1B_PGD268_v3_Pf3D7_13_v3-1041733-1041837_1_1	1041593	1041860	AGATTATTGGTTTAGGTGGTGTATTAGATACA	GGTGATGCATGTAAGTTTACAATTTCTAATG
Pf3D7_08_v3-1365709-1365954-1B	Diagnostic	Pf3D7_08_v3	1365742	1365924	PF3D7_0831700	hsp70	HRP2_deletion		TRUE	PGD268_v4_1B_Pf3D7_08_v3-1365886-1365947-for_1	1365709	1365954	TTTCTGAATCATCTTTTGGTATTTTTGTTTTCA	ATGTAACAGCATTAGATAAAGGTACTGGTA
Pf3D7_08_v3-1366626-1366856-1B	Diagnostic	Pf3D7_08_v3	1366659	1366823	PF3D7_0831700	hsp70	HRP2_deletion		TRUE	PGD268_v4_1B_Pf3D7_08_v3-1366752-1366813-for_1	1366626	1366856	AATCTTCTTAATGATTTTGAATTTTTGGAAACA	AAAAGGAAAAGGTGAACAAAATATTCTTATTTT
Pf3D7_08_v3-1370603-1370853-1B	Diagnostic	Pf3D7_08_v3	1370633	1370825	NA	NA	HRP2_deletion		TRUE	PGD268_v4_1B_Pf3D7_08_v3-1370802-1370803_1	1370603	1370853	AAATCTGGAATAGGAACAAAGTGATTATGG	GCAACAATGAGAAAATGAATTTGCACAA
Pf3D7_08_v3-1375025-1375284-1B	Diagnostic	Pf3D7_08_v3	1375057	1375259	PF3D7_0831800	hrp2	HRP2_deletion		TRUE	PGD268_v4_1B_Pf3D7_08_v3-1375207-1375341-for_1	1375025	1375284	ATTTAAATTAAGTCCTTTTGCATTTTTGCTAC	AAAAATAAAGTATTATCCGCTGCCG
Pf3D7_08_v3-1386795-1387043-1B	Diagnostic	Pf3D7_08_v3	1386822	1387013	PF3D7_0832100	rifin	HRP2_deletion		TRUE	PGD268_v4_1B_Pf3D7_08_v3-1386850-1387035-for_1	1386795	1387043	CATAAGCGTGTTAGTAGTTTCAGTTGT	CTTTGAATGGTGTTCCATTGAAATCAATTA
Pf3D7_11_v3-1294284-1294580-1B	Diagnostic	Pf3D7_11_v3	1294306	1294547	PF3D7_1133400	ama1	long_amplicon/diversity	151-231*	TRUE	PGD268_v4_1B_AMA1_1	1294284	1294580	ACTTCCATCAGGGAAATGTCCA	TCATCATAAACAGCTGGATATTTATAATTTGAA
Pf3D7_13_v3-1465010-1465307-1B	Diagnostic	Pf3D7_13_v3	1465036	1465280	PF3D7_1335900	trap	long_amplicon/diversity	447*-528	TRUE	PGD268_v4_1B_TRAP_1	1465010	1465307	GCTCCTGGTACTACGAATTTATAAGC	TGGATAATGAAAGGAAACAAAGTGACC
Pf3D7_13_v3-2770621-2770854-1B	Diagnostic	Pf3D7_13_v3	2770649	2770821	PF3D7_1369500	PF3D7_1369500	HRP3_deletion		TRUE	PGD268_v4_1B_Pf3D7_13_v3-2770748-2770809-for_1	2770621	2770854	GCAACACATCGATTTTATCAAAAGGAAA	TTTTTCAATTATCGAGGGTAAACTTATTAGATT
Pf3D7_13_v3-2780346-2780575-1B	Diagnostic	Pf3D7_13_v3	2780367	2780542	NA	NA	HRP3_deletion		TRUE	PGD268_v4_1B_Pf3D7_13_v3-2780409-2780506-for_1	2780346	2780575	AAAAATGAGGGCCGGTAGTTC	GTATTTCTGAAGGACTATATATGGAACAATTCA
Pf3D7_13_v3-2814606-2814855-1B	Diagnostic	Pf3D7_13_v3	2814631	2814826	PF3D7_1371600	EBL-1	HRP3_deletion		TRUE	PGD268_v4_1B_Pf3D7_13_v3-2814709-2814770-for_1	2814606	2814855	GCTGAAAAGGGTCAGTCTTCTAATT	GAGGATTTATTGTTTCCTTATTCCCTTGA
Pf3D7_13_v3-2816310-2816554-1B	Diagnostic	Pf3D7_13_v3	2816334	2816526	PF3D7_1371600	EBL-1	HRP3_deletion		TRUE	PGD268_v4_1B_Pf3D7_13_v3-2816321-2816459-for_1	2816310	2816554	GGTGGAGAGGTAACACATACTGAT	CTTGTAGAAGGAATAGATACACCATCCT
Pf3D7_13_v3-2840462-2840736-1B	Diagnostic	Pf3D7_13_v3	2840495	2840703	NA	NA	HRP3_deletion		TRUE	PGD268_v4_1B_Pf3D7_13_v3-2840467-2840631-for_1	2840462	2840736	AAATCGCTATCCTATAAATTACAAAACAAGAAT	ACACCATTAAATCCATTTAATCGAAGATTAAAA
Pf3D7_13_v3-2841390-2841688-1B2	Diagnostic	Pf3D7_13_v3	2841411	2841661	PF3D7_1372200	HRP3	HRP3_deletion		TRUE	PGD268_v4_1B_Pf3D7_13_v3-2841426-2844597-1_1	2841390	2841688	ACCTGCATGTGCTTGACTTTC	AAAAATAAAATATTATCCGCTGCCGTT
Pf3D7_13_v3-2844334-2844629-1B2	Diagnostic	Pf3D7_13_v3	2844355	2844599	NA	NA	HRP3_deletion		TRUE	PGD268_v4_1B_Pf3D7_13_v3-2841426-2844597-2_1	2844334	2844629	ATGCTAGGTGTATACGCACAG	AACCTTATGAGACCCTCCTTTATATTTATC
Pf3D7_03_v3-221185-221419-1B	Immune	Pf3D7_03_v3	221218	221388	PF3D7_0304600	csp	C-terminal	377-398	TRUE	PGD268_v4_1B_PF3D7_0304600-Cterm_1	221185	221419	AATTAATCGCAAACGTAATTAAATATTCACAAA	AAAAATTTGTAAAATGGAAAAATGTTCCAGT
Pf3D7_03_v3-221463-221712-1B	Immune	Pf3D7_03_v3	221485	221679	PF3D7_0304600	csp	C-terminal	280-344	TRUE	PGD268_v4_1B_PF3D7_0304600-Cterm_2	221463	221712	TAGCAGAGCCAGGCTTTATTCT	AATGCAAATCCTAATAAAAACAATCAAGGTAAT
Pf3D7_01_v3-194742-194973-1B	Resistance	Pf3D7_01_v3	194764	194942	PF3D7_0104300	ubp-1	1525	1449*-1558	TRUE	PGD268_v4_1B_PF3D7_0104300-AA1525_1	194742	194973	GGAAATGACCAAGACGTGAACC	TGTTTGAAAAGAACTCTAGCCCTTTATTATC
Pf3D7_04_v3-748105-748359-1B	Resistance	Pf3D7_04_v3	748129	748326	PF3D7_0417200	dhfr-ts	"16,_51,_59"	14*-80*	TRUE	PGD268_v4_1B_PF3D7_0417200-AA16_1	748105	748359	CGACGTTTTCGATATTTATGCCAT	TCATTTACATTATCCACAGTTTCTTTGTTTAAA
Pf3D7_04_v3-748374-748611-1B	Resistance	Pf3D7_04_v3	748407	748581	PF3D7_0417200	dhfr-ts	"108,_164"	107*-165*	TRUE	PGD268_v4_1B_PF3D7_0417200-AA108_1	748374	748611	AAAAATTACAAAATGTTGTAGTTATGGGAAGAA	TCTAAAAATTCTTGATAAACAACGGAACCT
Pf3D7_05_v3-958079-958350-1B	Resistance	Pf3D7_05_v3	958106	958317	PF3D7_0523000	mdr1	86	73-143*	TRUE	PGD268_v4_1B_PF3D7_0523000-AA86_1	958079	958350	GCTGTATTATCAGGAGGAACATTACCT	TCAGATCTTAATTTAGATCCAGGATTATTATCA
Pf3D7_05_v3-958372-958608-1B	Resistance	Pf3D7_05_v3	958395	958580	PF3D7_0523000	mdr1	"184,_186"	169*-231*	TRUE	PGD268_v4_1B_PF3D7_0523000-AA184_1	958372	958608	AGTGAGTTCAGGAATTGGTACGA	CCCATTAAAGCCTCTTCTATAATGGACA
Pf3D7_05_v3-958920-959168-1B	Resistance	Pf3D7_05_v3	958953	959135	PF3D7_0523000	mdr1	371	355*-416*	TRUE	PGD268_v4_1B_PF3D7_0523000-AA371_1	958920	959168	TGAAAGCTTTAGAAGCAACAAATAGTTTATATG	CAATTAATTTTAGTATGGTTGATTTCCCACAAC
Pf3D7_05_v3-960810-961048-1B	Resistance	Pf3D7_05_v3	960842	961021	PF3D7_0523000	mdr1	"1034,_1042"	985-1044	TRUE	PGD268_v4_1B_PF3D7_0523000-AA1034_1	960810	961048	CAGATGATGAAATGTTTAAAGATCCAAGTTTT	AATTAAGAAGGATCCAAACCAATAGGC
Pf3D7_05_v3-961511-961758-1B	Resistance	Pf3D7_05_v3	961544	961730	PF3D7_0523000	mdr1	1246	1219-1281*	TRUE	PGD268_v4_1B_PF3D7_0523000-AA1246_1	961511	961758	AAAAATGTAAATGAATTTTCAAACCAATCTGGA	ATAGCAGCAAACTTACTAACACGTTTAA
Pf3D7_07_v3-403479-403716-1B	Resistance	Pf3D7_07_v3	403500	403683	PF3D7_0709000	crt	"72-76,_93"	34*-95	TRUE	PGD268_v4_1B_PF3D7_0709000-AA72_1	403479	403716	GACCTTAACAGATGGCTCACG	AAAGAACATAATCATACAAATAAAGTTGTGAGT
Pf3D7_07_v3-403801-404052-1B	Resistance	Pf3D7_07_v3	403834	404021	PF3D7_0709000	crt	145	120*-148	TRUE	PGD268_v4_1B_PF3D7_0709000-AA145_1	403801	404052	ATCTATTCCACCTACCAATATAAAACATTACAC	CAAATGATTGGATATTTCCAGTAGTTCTTGT
Pf3D7_07_v3-404325-404590-1B	Resistance	Pf3D7_07_v3	404358	404564	PF3D7_0709000	crt	"218,_220"	203*-222*	TRUE	PGD268_v4_1B_PF3D7_0709000-AA218_1	404325	404590	AACAATAGCTCTTGTAGAAATGAAATTATCTTT	TCATGTTTGAAAAGCATACAGGCTAA
Pf3D7_07_v3-405570-405844-1B	Resistance	Pf3D7_07_v3	405598	405815	PF3D7_0709000	crt	356	355*-366*	TRUE	PGD268_v4_1B_PF3D7_0709000-AA356_1	405570	405844	CTATTGTTAGTTGTATACAAGGTCCAGC	GGTTCTCTTACAACATCACCCTATAAAAT
Pf3D7_07_v3-896613-896849-1B	Resistance	Pf3D7_07_v3	896646	896816	PF3D7_0720700	pib7	1484	1478*-1536	TRUE	PGD268_v4_1B_PF3D7_0720700-AA1484_1	896613	896849	AATACATATAGAAAAGATGATAGAAGAAGCTCC	TTTTCATATTCTGTCGAGGATAACAATTCAATA
Pf3D7_08_v3-549583-549807-1B	Resistance	Pf3D7_08_v3	549610	549776	PF3D7_0810800	dhps	"431,_436,_437"	412*-467	TRUE	PGD268_v4_1B_PF3D7_0810800-AA431_1	549583	549807	CAGATGGAGGTATTTTTGTTGAACCTA	TTGGTTTCGCATCACATTTAACAATTTTATT
Pf3D7_08_v3-549960-550215-1B	Resistance	Pf3D7_08_v3	549989	550182	PF3D7_0810800	dhps	"540,_581"	538*-603*	TRUE	PGD268_v4_1B_PF3D7_0810800-AA540_1	549960	550215	ATGCATAAAAGAGGAAATCCACATACAAT	GGGCAATAAATCTTTTTCTTGAATATCCAATAA
Pf3D7_12_v3-2092529-2092798-1B	Resistance	Pf3D7_12_v3	2092559	2092765	PF3D7_1251200	coronin	"50,_100,_107"	46*-115*	TRUE	PGD268_v4_1B_PF3D7_1251200-AA50_1	2092529	2092798	ATGATTTGTTCATATTATAGGTACCATGGC	TCTTATGACCATTTAATATACATAAAGGATCCT
Pf3D7_13_v3-748254-748510-1B	Resistance	Pf3D7_13_v3	748287	748477	PF3D7_1318100	fd	193	165*-194	TRUE	PGD268_v4_1B_PF3D7_1318100-AA193_1	748254	748510	GGAAATTTTATCATTCCCCATTTCAATCATATC	TGATGATCAAAGTTATTTAGATGAAGAGCAAAT
Pf3D7_13_v3-958247-958510-1B	Resistance	Pf3D7_13_v3	958276	958482	PF3D7_1322700	PF3D7_1322700	236	232*-300	TRUE	PGD268_v4_1B_PF3D7_1322700-AA236_1	958247	958510	TTTGATGAATTTGTTGTAACGTTTTGGTT	TCATGTGAAAAATGAAGAGCATGAGAAT
Pf3D7_13_v3-1724895-1725166-1B	Resistance	Pf3D7_13_v3	1724926	1725137	PF3D7_1343700	k13	"667,_673,_675,_690"	621-691*	TRUE	PGD268_v4_1B_PF3D7_1343700-AA690_1	1724895	1725166	TGGTGAAAAGAAATGACATGAATTTAGAACT	GGGAACAATTTCCATATGCCTTATTAGAA
Pf3D7_13_v3-1725208-1725471-1B	Resistance	Pf3D7_13_v3	1725232	1725441	PF3D7_1343700	k13	"522,_527,_537-540,_543,_553,_555,_561,_568,_574,_575,_578,_580,_581,_584_"	519*-589*	TRUE	PGD268_v4_1B_PF3D7_1343700-AA584_1	1725208	1725471	CTCTCACCATTAGTTCCACCAATG	GGTGTATGATCGTTTAAGAGATGTATGGTA
Pf3D7_13_v3-1725464-1725719-1B	Resistance	Pf3D7_13_v3	1725494	1725694	PF3D7_1343700	k13	"436,_437,_441,_442,_446,_449,_452,_458,_469,_476,_479,_481,_493"	435*-502*	TRUE	PGD268_v4_1B_PF3D7_1343700-AA493_1	1725464	1725719	CATACACCTCAGTTTCAAATAAAGCCTTAT	GCCTTGTTGAAAGAAGCAGAATTTT
Pf3D7_13_v3-2504481-2504734-1B	Resistance	Pf3D7_13_v3	2504514	2504701	PF3D7_1362500	exo	415	400-462*	TRUE	PGD268_v4_1B_PF3D7_1362500-AA415_1	2504481	2504734	AATTTACCTGAAGACGTTAAAAATGTAAAGTAC	TTTTTATAACTATCCCATTCGATATCTATACCT
Pf3D7_14_v3-293575-293829-1B	Resistance	Pf3D7_14_v3	293608	293796	PF3D7_1408000	pm2	CNV	46*-109*	TRUE	PGD268_v4_1B_Pf3D7_14_v3-293746-293751-for_1	293575	293829	ACAGAAAGGATTTCAAATACTATATGTACTTCT	GTTTTAGTAAGTCCTGAATTAAGAAAATTGACA
Pf3D7_14_v3-294506-294753-1B	Resistance	Pf3D7_14_v3	294538	294730	PF3D7_1408000	pm2	CNV	356*-420	TRUE	PGD268_v4_1B_Pf3D7_14_v3-294676-294826-for_1	294506	294753	GTACCAACTGACTTTTTAAATAAAATGTTGCA	GGGTCACCTAGAATAAAGGTTGG
Pf3D7_14_v3-297583-297856-1B	Resistance	Pf3D7_14_v3	297616	297824	PF3D7_1408100	pm3	CNV	50*-119	TRUE	PGD268_v4_1B_PM3_1	297583	297856	AAATATTATTTGTGACAGTTTTCATAGTTTTGG	TCCACATTATCAAACTCACTACCTAAATAACT
Pf3D7_14_v3-298368-298636-1B	Resistance	Pf3D7_14_v3	298401	298603	PF3D7_1408100	pm3	CNV	312-379*	TRUE	PGD268_v4_1B_PM3_2	298368	298636	TTTGATGGACCATTGAACTATGAAAAATTAAAT	GTATATACTTTATTTGGTGAACGATATTCGAGT
Pf3D7_14_v3-1956056-1956330-1B	Resistance	Pf3D7_14_v3	1956089	1956301	PF3D7_1447900	mdr2	"463,_484,_515"	459-529	TRUE	PGD268_v4_1B_PF3D7_1447900-AA515_1	1956056	1956330	ATGATATACATTATCCATCTCATTTGCTTTTGT	GGTATTCTAGTAAAAATTCGGGTGGTATC
Pf3D7_14_v3-2481033-2481276-1B	Resistance	Pf3D7_14_v3	2481065	2481245	PF3D7_1460900	arps10	"127,_128"	125*-159*	TRUE	PGD268_v4_1B_PF3D7_1460900-AA127_1	2481033	2481276	GTTTCATTTTAGATTTACCTTTTTGCGATCTC	GAAATTTACAACTGGAAGGTGAAAAACATAC
PmUG01_12_v1-1397996-1398245-1AB	Species	PmUG01_12_v1	1398021	1398213	PMUG01_12039800	ldh	Pm		TRUE	PGD268_v4_1B_PGD268_v3_PmUG01_12_v1-1398052-1398156_1_1	1397996	1398245	CATTTCAATAATAGCAGCAGCTGGA	ATCACAAAAATTAAATGTTTGTCCAAGAGATG
PocGH01_12_v1-1106456-1106697-1AB	Species	PocGH01_12_v1	1106483	1106671	POCGH01_12037700	ldh	Po		TRUE	PGD268_v4_1B_PGD268_v3_PocGH01_12_v1-1106559-1106663_1_1	1106456	1106697	GTGGAGCATATCAAAACCTTTTTCAAA	CATGGCAATAAAATGGTTGTGTTGAA
PvP01_12_v1-1184983-1185208-1AB	Species	PvP01_12_v1	1185008	1185184	PVP01_1229700	ldh	Pv		TRUE	PGD268_v4_1B_PGD268_v3_PvP01_12_v1-1185097-1185201_1_1	1184983	1185208	CCTCTAGTAGAGTGGAACAAACAAG	AGGTACATCACAGTTGGAGGTATC